<?xml version="1.0" encoding="UTF-8"?>
<project-private xmlns="http://www.netbeans.org/ns/project-private/1">
    <editor-bookmarks xmlns="http://www.netbeans.org/ns/editor-bookmarks/2" lastBookmarkId="0"/>
    <open-files xmlns="http://www.netbeans.org/ns/projectui-open-files/2">
        <group>
            <file>file:/D:/Dowloads/practical1/src/java/countInterest.java</file>
            <file>file:/D:/Dowloads/practical1/web/index.html</file>
            <file>file:/D:/Dowloads/practical1/web/META-INF/context.xml</file>
            <file>file:/D:/Dowloads/practical1/src/java/practical2.java</file>
            <file>file:/D:/Dowloads/practical1/web/WEB-INF/web.xml</file>
            <file>file:/D:/Dowloads/practical1/src/conf/MANIFEST.MF</file>
        </group>
    </open-files>
</project-private>
